Country Name,World Rank,Region Rank,2020 Score,Property Rights,Judical Effectiveness,Government Integrity,Tax Burden,Gov't Spending,Fiscal Health,Business Freedom,Labor Freedom,Monetary Freedom,Trade Freedom,Investment Freedom ,Financial Freedom,Tariff Rate (%),Income Tax Rate (%),Corporate Tax Rate (%),Tax Burden % of GDP,Gov't Expenditure % of GDP ,Population (Millions),"GDP (Billions, PPP)",GDP Growth Rate (%),5 Year GDP Growth Rate (%),GDP per Capita (PPP),Unemployment (%),Inflation (%),FDI Inflow (Millions),Public Debt (% of GDP)
Afghanistan,136.0,33.0,54.7,48.3,30.0,24.8,91.4,79.2,99.9,54.7,61.6,81.0,66.0,10.0,10.0,7.0,20.0,20.0,7.6,26.329666666666668,36.02,72.648,2.3,2.2,2016.89,1.5,0.626,139.2,7.079
Albania,57.0,30.0,66.9,57.1,33.0,38.8,85.9,74.6,86.3,65.7,52.1,81.2,88.4,70.0,70.0,0.8,23.0,15.0,25.7,29.082666666666665,2.874,38.356,4.162,3.1,13344.54,13.9,2.029,1293.61772447739,68.59
Algeria,169.0,14.0,46.9,37.9,35.0,28.3,75.4,52.6,17.3,63.0,50.5,76.2,66.2,30.0,30.0,9.4,35.0,23.0,26.6,39.76166666666666,42.582,657.462,2.059,2.8,15439.92,12.2,4.27,1506.31688577439,36.872
Angola,154.0,35.0,52.2,36.9,14.3,15.1,87.3,85.7,71.9,57.7,61.1,59.6,66.2,30.0,40.0,9.4,17.0,30.0,9.223777453718249,21.833666666666662,29.25,199.319,-1.699,0.3,6814.33,7.3,19.629,-5732.491,88.087
Argentina,149.0,26.0,53.1,50.5,47.0,49.7,69.6,50.7,24.7,60.2,46.5,53.7,69.2,55.0,60.0,7.9,35.0,30.0,30.3,40.543,44.56,915.125,-2.515,-0.3,20537.06,9.5,34.277,12161.837,86.289
Armenia,34.0,18.0,70.6,60.7,54.1,43.4,84.9,80.6,68.8,81.0,72.5,76.0,80.6,75.0,70.0,2.2,26.0,20.0,20.8,25.409333333333336,2.991,30.438,5.028,3.9,10176.09,17.7,2.522,254.262,48.493
Australia,4.0,4.0,82.6,82.8,86.1,89.3,63.0,61.6,91.8,87.8,84.0,86.2,88.2,80.0,90.0,0.9,45.0,30.0,27.8,35.79870010326667,25.168,1318.153,2.811,2.6,52373.46,5.4,1.979,60438.13181312154,40.672
Austria,29.0,16.0,73.3,87.3,73.2,84.0,51.3,27.2,87.9,73.0,68.3,81.0,86.4,90.0,70.0,1.8,50.0,25.0,41.8,49.261296555600005,8.885,463.22,2.713,1.8,52137.43,4.8,2.119,7618.21905357712,74.243
Azerbaijan,44.0,24.0,69.3,67.1,53.9,38.7,88.0,63.0,99.2,80.8,66.2,69.8,74.6,70.0,60.0,5.2,25.0,20.0,13.3,35.10666666666667,9.94,179.673,1.352,0.4,18075.9,5.2,2.3,1403.0,19.382
Bahamas,69.0,13.0,64.5,54.9,46.4,46.0,96.8,87.4,69.2,69.0,70.0,76.3,47.8,50.0,60.0,18.6,0.0,0.0,17.9,20.46166666666667,0.377,12.612,2.3,0.6,33494.19,11.9,2.249,942.8,60.965
Bahrain,63.0,4.0,66.3,70.6,48.4,51.0,99.4,66.1,2.6,70.5,71.1,81.1,79.4,75.0,80.0,7.8,0.0,0.0,7.8,33.63033333333333,1.481,74.146,1.829,3.3,50056.5,1.0,2.1,1515.159574468085,93.373
Bangladesh,122.0,29.0,56.4,41.0,36.1,26.6,72.7,94.3,76.8,52.3,68.4,70.0,63.6,45.0,30.0,10.7,25.0,45.0,9.1,13.740666666666664,164.877,761.699,7.727,7.1,4619.79,4.3,5.564,3613.3,34.759
Barbados,92.0,17.0,61.4,56.6,36.1,44.0,73.6,69.2,63.1,69.4,60.0,77.9,56.6,70.0,60.0,14.2,40.0,5.5,31.8,32.023,0.286,5.309,-0.5,0.7,18534.3,9.6,3.632,195.096,124.536
Belarus,88.0,41.0,61.7,63.2,48.4,37.4,88.8,54.1,95.4,76.4,74.8,69.8,82.0,30.0,20.0,1.5,13.0,18.0,25.1,39.10233333333333,9.457,189.178,3.031,0.2,20003.03,5.7,4.867,1469.4,47.831
Belgium,48.0,26.0,68.9,84.5,62.5,80.2,46.7,17.2,77.0,75.2,61.1,80.5,86.4,85.0,70.0,1.8,50.0,29.0,44.6,52.53379595216666,11.411,550.501,1.434,1.5,48244.66,6.3,2.311,4872.578760372526,101.387
Belize,111.0,22.0,57.4,44.4,46.4,33.5,79.5,66.3,53.9,60.9,54.3,80.4,64.2,55.0,50.0,10.4,25.0,25.0,28.2,33.51833333333333,0.396,3.365,3.035,2.2,8500.93,9.4,0.294,119.5415,94.75
Benin,133.0,24.0,55.2,41.3,36.4,29.6,69.0,84.2,46.6,58.0,53.7,84.3,49.4,60.0,50.0,17.8,45.0,30.0,13.2,22.969666666666665,11.423,27.718,6.545,5.0,2426.48,2.1,1.04,207.5108549980097,54.645
Bhutan,85.0,17.0,62.1,69.9,46.4,51.2,82.9,71.1,74.8,68.2,79.4,71.6,79.4,20.0,30.0,2.8,25.0,30.0,13.6,31.052333333333333,0.817,7.794,5.782,6.1,9539.64,2.2,3.647,5.901431953599944,102.588
Bolivia,175.0,30.0,42.8,20.1,11.2,23.1,86.3,54.2,14.2,58.3,52.9,69.9,67.8,15.0,40.0,6.1,13.0,25.0,23.9,39.059999999999995,11.248,84.099,4.3,4.6,7476.94,3.3,2.326,255.083,53.92
Bosnia and Herzegovina,82.0,38.0,62.6,44.4,33.9,41.8,83.6,49.3,97.3,45.7,67.4,82.7,80.0,65.0,60.0,2.5,10.0,10.0,37.9,41.092333333333336,3.504,47.266,3.1,2.7,13490.95,20.8,1.369,467.7330581355349,36.998
Botswana,40.0,3.0,69.6,60.9,45.2,46.4,87.0,69.1,97.5,69.3,68.2,73.6,82.8,65.0,70.0,1.1,25.0,22.0,14.0,32.08233333333333,2.335,41.944,4.592,2.9,17965.38,17.9,3.241,228.7181787150563,12.918
Brazil,144.0,25.0,53.7,57.3,46.7,45.6,70.4,54.6,4.6,60.5,49.5,77.2,67.8,60.0,50.0,8.6,27.5,34.0,32.3,38.88633333333333,208.325,3365.343,1.113,-0.8,16154.33,12.5,3.665,61223.012,87.877
Brunei Darussalam,61.0,13.0,66.6,69.8,56.8,49.6,89.8,61.5,20.0,84.1,90.5,77.1,85.0,65.0,50.0,0.0,0.0,18.5,26.0,35.824333333333335,0.434,34.552,-0.233,-0.9,79529.86,9.2,0.149,503.9550158645435,2.491
Bulgaria,36.0,19.0,70.2,64.2,45.4,44.2,90.3,66.1,99.2,62.6,68.1,85.7,86.4,70.0,60.0,1.8,10.0,10.0,27.7,33.59166666666667,7.01,162.318,3.2,3.3,23155.64,5.3,2.631,2058.8002691249894,20.518
Burkina Faso,117.0,15.0,56.7,46.9,42.6,34.1,81.3,77.0,49.2,47.6,52.1,82.4,61.8,65.0,40.0,9.1,27.5,28.0,18.1,27.665000000000003,19.46,38.845,6.034,5.3,1996.14,6.1,2.0,480.00174185931195,42.957
Burma,141.0,35.0,54.0,32.5,14.3,31.5,86.6,87.5,84.6,53.1,59.9,77.5,70.8,30.0,20.0,4.6,20.0,30.0,6.1,20.42,52.832,328.443,6.689,6.8,6216.73,1.6,5.944,3554.048,38.19
Burundi,166.0,41.0,49.0,24.9,26.9,22.3,73.7,85.8,13.2,55.1,67.4,70.3,68.2,50.0,30.0,5.9,35.0,35.0,13.6,21.764,11.193,8.2,0.149,-0.1,732.543,1.5,1.238,0.983747122235384,58.44
Cambodia,113.0,25.0,57.3,43.1,28.1,14.8,89.4,83.9,94.8,31.2,62.5,74.8,65.4,50.0,50.0,9.8,20.0,20.0,16.2,23.188,16.253,70.452,7.251,7.1,4334.75,1.1,1.302,3102.579,29.361
Cameroon,145.0,29.0,53.6,45.3,30.8,20.8,74.8,88.3,63.7,46.0,50.1,84.1,59.6,30.0,50.0,12.7,35.0,33.0,14.4,19.754,24.884,95.262,4.047,4.8,3828.2,3.4,2.387,701.744,37.745
Canada,9.0,1.0,78.2,87.7,72.7,90.3,76.5,50.9,83.3,81.7,72.0,76.0,87.0,80.0,80.0,1.5,33.0,15.0,32.2,40.4529198582,36.994,1836.816,1.834,1.9,49651.18,5.9,0.942,39624.62184355127,90.63
Cabo Verde,76.0,5.0,63.6,47.5,48.0,46.1,77.7,71.7,66.2,58.5,55.6,83.1,68.2,80.0,60.0,10.9,50.0,30.0,6.935943140472296,30.71966666666667,0.553,4.045,4.729,3.0,7315.59,12.3,2.243,99.56572462081886,127.712
Central African Republic,159.0,36.0,50.7,38.1,31.7,24.3,65.5,93.5,95.3,24.3,40.4,73.3,47.2,45.0,30.0,16.4,50.0,30.0,6.935943140472296,14.749333333333334,5.081,3.617,4.341,3.8,711.896,6.5,3.0,17.994743843291836,48.536
Chad,161.0,38.0,50.2,32.4,27.4,15.1,45.8,93.5,95.6,26.8,43.0,76.1,47.2,60.0,40.0,16.4,60.0,45.0,7.7,14.756,12.49,30.166,3.089,0.4,2415.25,2.2,2.483,662.2065734331395,46.565
Chile,15.0,2.0,76.8,69.9,61.1,73.4,76.4,80.8,90.5,75.0,64.7,85.2,89.0,85.0,70.0,0.5,35.0,27.0,20.2,25.281666666666666,18.545,481.756,4.022,2.2,25978.33,7.2,2.318,7160.143,25.561
China,103.0,20.0,59.5,60.9,76.3,46.0,70.4,67.9,67.5,76.8,64.4,71.1,72.4,20.0,20.0,3.8,45.0,25.0,17.5,32.70166666666667,1395.38,25270.066,6.567,6.9,18109.81,4.4,2.1,139043.492,50.463
Colombia,45.0,4.0,69.2,61.1,32.8,46.1,70.4,77.0,85.5,71.3,78.0,77.5,81.2,80.0,70.0,4.4,39.0,33.0,18.8,27.669999999999998,49.834,744.696,2.658,2.8,14943.48,9.1,3.238,11009.862312647954,50.479
Comoros,143.0,28.0,53.7,43.1,31.7,23.8,63.6,73.6,85.0,47.8,60.3,81.7,59.2,45.0,30.0,10.4,30.0,50.0,15.5,29.666,0.849,1.386,2.763,2.1,1631.83,3.7,2.0,7.886496449025198,31.199
"Congo, Democratic Republic of the Congo",162.0,39.0,49.5,30.1,26.5,13.1,74.4,95.4,98.0,51.2,41.6,49.6,64.6,30.0,20.0,10.2,30.0,40.0,7.6,12.432666666666668,95.028,72.924,3.948,5.2,767.393,4.2,29.3,1493.875,15.651
"Congo, Republic of",176.0,46.0,41.8,40.7,30.0,23.1,63.3,56.2,0.6,37.5,35.3,83.2,56.8,45.0,30.0,11.6,45.0,34.0,22.1,38.208333333333336,4.456,30.297,0.805,0.9,6798.92,10.4,1.153,4313.1436650143105,98.465
Costa Rica,68.0,12.0,65.8,66.7,54.4,57.2,78.9,88.4,39.7,66.5,55.0,81.2,81.4,70.0,50.0,1.8,25.0,30.0,24.1,19.683999999999997,5.024,88.22,2.67,3.5,17559.06,8.1,2.312,2134.184,53.543
Côte d'Ivoire,101.0,9.0,59.7,48.5,33.0,25.5,77.8,82.5,66.9,62.3,49.2,75.7,69.4,75.0,50.0,10.3,36.0,25.0,17.4,24.162333333333333,25.609,106.984,7.414,8.1,4177.64,2.5,0.284,912.8563008214666,52.202
Croatia,84.0,39.0,62.2,69.9,39.6,51.0,65.9,34.7,89.1,53.6,44.0,77.6,86.4,75.0,60.0,2.0,40.0,18.0,38.6,46.64633333333333,4.096,107.406,2.708,2.3,26221.43,8.9,1.5,1159.4152433338447,73.86
Cuba,178.0,31.0,26.9,20.1,10.0,38.7,49.5,0.0,14.8,20.0,20.0,64.1,65.6,10.0,10.0,7.2,50.0,30.0,40.6,64.80333333333334,11.3,155.858,2.3,2.0,13750.0,2.3,6.9,1542.18,51.0
Cyprus,37.0,20.0,70.1,77.4,50.5,57.6,74.8,58.6,80.0,76.6,59.7,84.3,86.4,75.0,60.0,1.8,35.0,12.5,33.7,37.144,0.864,34.546,3.878,2.8,39973.22,8.1,0.784,3284.998642571324,102.544
Czech Republic,23.0,13.0,74.8,76.8,49.9,64.2,82.0,52.7,97.8,69.7,77.6,80.8,86.4,80.0,80.0,1.8,15.0,19.0,34.9,39.711127914866665,10.593,395.868,2.913,3.5,37370.97,2.4,2.158,9478.886346567315,32.958
Denmark,8.0,4.0,78.3,86.3,84.6,93.0,42.0,19.7,97.7,88.7,86.2,84.6,86.4,90.0,80.0,1.8,56.0,23.5,46.0,51.74501237783334,5.781,301.319,1.217,2.0,52120.54,5.0,0.709,1789.4980220504165,34.269
Djibouti,151.0,33.0,52.9,58.8,31.7,25.5,75.3,53.6,10.9,62.3,60.6,76.5,49.8,80.0,50.0,17.6,30.0,25.0,30.8,39.330999999999996,1.049,3.971,6.7,6.5,3785.76,11.1,-0.136,265.0,67.378
Dominica,97.0,20.0,60.8,59.8,62.6,51.2,70.5,16.0,86.2,70.4,60.7,83.5,68.4,70.0,30.0,8.3,35.0,30.0,28.7,52.921,0.071,0.699,-11.966,-2.8,9886.08,0.0,1.359,-37.178148148148146,83.146
Dominican Republic,95.0,19.0,60.9,55.8,18.2,31.2,84.5,90.5,82.4,50.3,57.5,73.5,76.6,70.0,40.0,4.2,25.0,27.0,13.9,17.840999999999998,10.271,189.237,7.0,6.6,18424.61,5.8,3.564,2535.3,41.64
Ecuador,158.0,28.0,51.3,40.4,20.7,33.4,77.5,57.9,62.3,53.8,48.0,81.0,66.0,35.0,40.0,7.0,35.0,25.0,19.9,37.45466666666667,17.023,199.481,1.054,1.2,11718.05,3.9,-0.224,1401.03,46.132
Egypt,142.0,11.0,54.0,48.5,51.2,34.0,86.1,69.9,2.8,62.0,51.5,61.3,70.2,60.0,50.0,7.4,25.0,23.0,15.2,31.677000000000003,96.98,1296.286,5.314,4.2,13366.47,11.4,20.86,6797.6,92.618
El Salvador,90.0,16.0,61.6,41.6,30.1,31.6,77.8,82.8,80.0,53.6,52.3,78.6,80.8,70.0,60.0,2.1,30.0,30.0,20.4,23.935999999999996,6.641,53.401,2.536,2.3,8041.2,4.4,1.088,839.554,67.07
Equatorial Guinea,167.0,42.0,48.3,38.1,19.5,15.1,75.1,86.4,77.2,37.5,34.2,78.1,48.8,40.0,30.0,15.6,35.0,35.0,5.924105485330154,21.298000000000002,1.314,29.838,-5.728,-5.6,22709.69,9.2,1.346,395.8843645524204,35.855
Eritrea,177.0,47.0,38.5,32.5,14.3,21.4,81.4,74.7,0.0,18.2,69.7,61.0,69.2,0.0,20.0,5.4,30.0,30.0,8.0,29.05933333333333,6.047,10.017,4.192,3.3,1656.53,6.5,9.0,61.015,129.416
Estonia,10.0,5.0,77.7,83.2,73.7,85.9,81.1,53.3,99.9,73.5,57.3,78.6,86.4,90.0,70.0,1.8,20.0,20.0,33.0,39.446981425,1.319,44.955,3.866,3.4,34095.76,5.5,3.412,1309.3579952549017,8.05
Eswatini,131.0,22.0,55.3,49.8,42.4,37.2,72.8,62.8,17.6,58.9,67.9,75.2,88.6,50.0,40.0,0.7,33.0,28.0,29.1,35.23466666666667,1.101,12.132,0.209,1.5,11019.77,22.5,4.825,25.41758836817107,34.859
Ethiopia,146.0,30.0,53.6,36.5,45.1,29.4,77.4,90.8,79.2,48.6,57.6,62.7,60.8,35.0,20.0,12.1,35.0,30.0,11.6,17.518333333333334,94.138,219.545,7.705,9.3,2332.16,1.8,13.815,3310.3,61.089
Fiji,77.0,15.0,63.4,69.9,42.6,45.6,80.5,68.9,84.2,62.6,76.2,72.5,52.8,55.0,50.0,16.1,29.0,20.0,26.6,32.20666666666667,0.89,9.106,3.2,3.3,10233.64,4.2,4.08,344.0676829326716,49.672
Finland,20.0,11.0,75.7,92.3,80.5,96.1,67.5,11.2,90.7,84.8,50.3,83.6,86.4,85.0,80.0,1.8,31.25,20.0,43.3,54.415524164033336,5.524,256.456,2.429,1.4,46429.53,7.8,1.169,1225.2269266634403,60.517
France,64.0,34.0,66.0,85.9,71.2,83.3,48.8,4.5,67.1,82.5,46.1,76.7,81.4,75.0,70.0,1.8,45.0,31.0,46.2,56.42540601433333,64.725,2962.799,1.521,1.4,45775.15,9.2,2.102,37293.84789716592,98.594
Gabon,118.0,16.0,56.7,36.9,20.8,36.7,74.3,89.3,88.9,52.1,52.3,77.3,51.2,60.0,40.0,16.9,35.0,30.0,21.1,18.901,2.053,37.968,1.221,2.4,18495.87,19.5,4.773,845.7529606347163,58.194
Gambia,123.0,18.0,56.3,43.9,43.4,39.2,74.6,85.6,25.3,53.5,67.4,63.3,64.6,65.0,50.0,12.7,35.0,32.0,17.2,21.932,2.169,6.057,6.6,3.3,2791.89,8.9,6.524,29.1466666666667,83.15
Georgia,12.0,6.0,77.1,68.6,57.9,64.8,87.1,73.6,94.4,85.3,76.3,78.3,88.6,80.0,70.0,0.7,20.0,15.0,25.7,29.637,3.71,42.606,4.708,4.0,11485.44,14.1,2.615,1232.448,44.543
Germany,27.0,14.0,73.5,80.5,74.3,82.8,60.9,42.2,92.9,82.8,53.0,76.7,86.4,80.0,70.0,1.8,47.5,15.8,37.5,43.88614218983333,82.886,4356.353,1.452,1.9,52558.69,3.4,1.927,25706.158004697885,59.754
Ghana,104.0,11.0,59.4,52.5,46.1,32.2,78.4,88.1,35.6,58.4,59.3,68.9,63.8,70.0,60.0,10.6,35.0,25.0,17.6,19.956,29.555,190.677,5.643,4.5,6451.72,6.7,9.837,2989.0,59.56
Greece,100.0,44.0,59.9,57.0,48.6,51.2,59.0,31.5,80.0,73.7,52.0,79.4,81.4,55.0,50.0,1.8,42.0,28.0,39.4,47.776190107699996,10.736,312.661,2.098,0.7,29122.96,19.2,0.774,4256.666155171803,183.257
Guatemala,73.0,14.0,64.0,45.5,32.2,29.6,79.2,95.6,95.7,62.6,48.4,77.4,82.2,70.0,50.0,1.4,31.0,31.0,12.4,12.146333333333333,17.263,145.635,3.1,3.5,8436.37,2.7,3.752,1056.0,24.474
Guinea,121.0,17.0,56.5,38.7,33.3,16.1,70.0,91.4,93.8,55.4,58.0,70.6,60.4,50.0,40.0,12.3,40.0,35.0,13.3,16.887,13.294,30.705,5.787,6.7,2309.62,3.6,9.7,482.706666666667,38.731
Guinea-Bissau,148.0,32.0,53.3,41.3,48.4,14.8,88.7,86.7,67.3,39.1,61.2,82.7,49.0,30.0,30.0,15.5,20.0,25.0,10.322833200828118,21.075,1.738,3.366,3.8,4.6,1936.85,4.1,1.404,17.339629730963402,56.11
Guyana,124.0,24.0,56.2,53.6,42.6,34.1,66.0,64.4,58.6,58.9,62.1,82.5,66.8,55.0,30.0,6.6,33.3,40.0,26.2,34.45666666666666,0.782,6.664,3.417,3.2,8519.0,12.2,1.296,494.79773780901695,56.984
Haiti,153.0,27.0,52.3,16.4,23.3,22.3,80.2,89.4,96.3,33.6,62.3,61.5,67.0,45.0,30.0,6.5,30.0,30.0,13.3,18.8,11.117,20.726,1.484,1.6,1864.35,13.5,13.478,105.0,33.02
Honduras,93.0,18.0,61.1,48.6,34.2,28.6,82.3,78.2,96.7,56.7,31.5,72.2,79.4,65.0,60.0,2.8,25.0,25.0,22.8,26.941333333333333,9.432,49.157,3.696,3.9,5212.02,4.1,4.348,1225.8,40.281
Hong Kong,2.0,2.0,89.1,93.6,76.8,84.7,93.0,90.3,99.9,96.2,89.1,80.7,95.0,80.0,90.0,0.0,15.0,16.5,14.1,18.02733333333333,7.483,480.494,3.021,2.8,64215.67,2.8,2.408,115661.9251132232,0.052
Hungary,62.0,33.0,66.4,64.8,45.7,47.5,79.9,34.5,83.6,60.2,64.6,79.9,86.4,80.0,70.0,1.8,15.0,19.0,37.7,46.729931348066664,9.778,311.944,4.94,3.8,31902.67,3.7,2.849,6389.336841003203,69.393
Iceland,13.0,7.0,77.1,87.6,63.2,90.3,71.7,44.1,97.5,84.7,63.5,80.3,86.8,85.0,70.0,1.6,31.8,20.0,37.7,43.152758987999995,0.348,19.484,4.612,4.5,55917.32,2.9,2.683,-335.81661637127473,35.428
India,120.0,28.0,56.5,63.0,64.1,47.2,79.4,77.9,13.1,65.6,41.2,73.0,73.4,40.0,40.0,5.8,30.9,32.44,7.3,27.13366666666667,1334.22,10505.288,7.053,7.6,7873.73,2.6,3.48,42285.68959519645,69.794
Indonesia,54.0,12.0,67.2,59.8,56.2,37.2,83.4,91.7,90.2,70.0,49.2,78.4,80.8,50.0,60.0,2.1,30.0,25.0,11.5,16.677666666666667,264.162,3494.737,5.171,5.0,13229.54,4.3,3.198,21979.79,29.196
Iran,164.0,13.0,49.2,36.9,37.1,33.5,81.0,89.2,86.5,57.3,50.7,49.0,54.6,5.0,10.0,15.2,35.0,25.0,7.3,18.98,82.36,1610.677,-3.928,2.8,19556.55,12.0,31.165,3480.333,33.184
Ireland,6.0,2.0,80.9,86.6,64.4,82.8,76.4,78.8,91.4,82.7,75.9,85.3,86.4,90.0,70.0,1.8,41.0,12.5,22.8,26.571368999100002,4.898,385.851,6.813,10.5,78784.83,5.7,0.716,-66346.3921906538,65.203
Israel,26.0,2.0,74.0,82.3,71.8,77.2,61.0,53.5,89.2,72.2,64.4,84.9,86.2,75.0,70.0,1.9,48.0,23.0,32.7,39.3622432878,8.881,337.231,3.282,3.4,37972.0,4.0,0.815,21803.0,59.587
Italy,74.0,37.0,63.8,75.4,51.3,62.2,56.0,28.5,71.1,70.4,50.9,83.2,86.4,80.0,50.0,1.8,43.0,27.5,42.4,48.82410777723334,60.484,2397.403,0.881,0.9,39636.99,10.2,1.243,24275.910952678856,132.085
Jamaica,49.0,6.0,68.5,62.1,50.5,46.8,80.0,74.8,80.2,77.7,74.0,77.7,68.4,80.0,50.0,10.8,25.0,25.0,27.3,28.96533333333333,2.86,27.016,1.383,1.0,9446.57,9.5,3.733,774.7,99.381
Japan,30.0,8.0,73.3,86.6,71.4,80.5,68.3,55.8,62.0,81.4,78.7,84.4,80.0,70.0,60.0,2.5,40.8,23.9,30.6,38.376061931,126.494,5594.452,0.811,1.0,44227.16,2.5,0.978,9857.578571817981,237.115
Jordan,66.0,5.0,66.0,64.8,54.6,49.6,91.8,73.5,55.9,60.1,52.5,77.6,81.2,70.0,60.0,4.4,14.0,20.0,15.027159810400303,29.695000000000004,9.904,93.427,2.0,2.3,9433.46,15.0,4.462,949.8591549295775,94.232
Kazakhstan,39.0,10.0,69.6,61.3,62.1,40.9,92.3,85.5,84.1,74.6,86.0,68.1,80.2,50.0,50.0,2.4,10.0,20.0,16.4,21.989,18.463,508.642,4.1,2.9,27549.81,4.9,6.025,3816.579,21.879
Kenya,132.0,23.0,55.3,63.2,48.6,28.2,78.7,79.6,13.5,55.0,55.8,75.0,60.4,55.0,50.0,12.3,30.0,30.0,18.1,26.101333333333333,48.033,177.285,5.955,5.6,3690.92,9.3,4.69,1625.9214936155481,57.164
Kiribati,172.0,41.0,45.2,47.5,34.2,24.3,72.4,0.0,99.0,40.6,62.9,82.2,23.8,25.0,30.0,28.1,35.0,35.0,17.5,125.69566666666667,0.115,0.24,2.256,3.5,2085.57,30.6,1.864,0.591,21.888
"Korea, South",25.0,7.0,74.0,82.5,61.0,67.5,63.9,67.7,96.7,90.5,56.2,82.1,80.0,70.0,70.0,5.0,42.0,25.0,26.9,32.800591543066666,51.663,2136.315,2.668,3.0,41350.59,3.8,1.477,14479.3,40.711
Kosovo,53.0,28.0,67.4,66.3,54.1,39.2,92.6,76.5,94.0,75.0,61.0,78.4,76.2,65.0,30.0,4.4,10.0,10.0,23.3,28.003666666666664,1.8,20.942,4.0,3.5,11551.58,30.5,1.056,3590.0,17.005
Kuwait,79.0,8.0,63.2,57.1,47.0,46.0,97.7,22.4,99.6,61.3,62.2,73.2,76.4,55.0,60.0,4.3,0.0,15.0,1.4,50.87233333333333,4.574,306.441,1.74,0.5,67000.19,2.1,0.7,345.5416578354749,14.8
Kyrgyz Republic,81.0,16.0,62.9,53.6,31.3,32.0,94.1,58.5,66.7,73.6,79.6,76.4,79.2,60.0,50.0,2.9,10.0,10.0,19.8,37.19266666666667,6.382,24.531,3.459,4.1,3843.58,7.2,1.543,47.0,56.025
Laos,129.0,31.0,55.5,42.5,37.3,32.0,87.0,86.6,53.3,54.3,58.6,76.8,82.0,35.0,20.0,1.5,24.0,24.0,12.0,21.109666666666666,6.777,53.701,6.5,7.0,7924.64,0.6,2.04,1319.61,62.974
Latvia,32.0,17.0,71.9,72.3,51.1,46.4,76.9,58.3,96.5,77.0,72.4,80.2,86.4,85.0,60.0,1.8,31.4,20.0,30.4,37.29966666666667,1.934,57.84,4.77,3.3,29901.29,7.9,2.554,879.3777074800222,37.578
Lebanon,157.0,12.0,51.7,44.6,30.8,25.0,90.8,72.5,0.0,45.6,47.8,75.6,77.4,60.0,50.0,3.8,20.0,17.0,15.254559716643643,30.259333333333334,6.094,89.478,0.25,0.9,14684.07,6.2,6.068,2879.826,150.92
Lesotho,138.0,26.0,54.5,45.2,47.0,29.6,73.0,34.4,60.3,52.8,58.8,75.7,82.2,55.0,40.0,1.4,35.0,25.0,29.108378280149523,46.75266666666666,2.034,6.906,1.474,1.7,3394.49,23.6,5.2,39.329623115027594,38.982
Liberia,165.0,40.0,49.0,31.1,37.9,23.8,86.1,65.5,59.7,48.2,38.2,62.1,60.6,55.0,20.0,12.2,25.0,25.0,11.9,33.89566666666666,4.463,6.327,1.242,0.6,1417.61,2.0,23.429,122.2,40.541
Lithuania,16.0,9.0,76.7,77.9,62.1,67.4,84.9,66.0,97.4,71.9,76.5,79.7,86.4,80.0,70.0,1.8,20.0,15.0,29.8,33.66,2.785,97.006,3.446,3.1,34825.79,6.0,2.531,905.0744225026264,35.908
Luxembourg,19.0,10.0,75.8,86.4,74.4,90.3,64.1,45.4,99.0,66.8,45.3,76.4,86.4,95.0,80.0,1.8,42.0,18.0,38.7,42.66075660013333,0.602,64.237,2.96,3.0,106704.93,5.5,2.018,-5615.0332274932425,21.809
Macau,35.0,9.0,70.3,60.0,60.0,33.5,75.0,89.8,99.9,60.0,50.0,70.0,90.0,85.0,70.0,0.0,12.0,39.0,28.93623372810567,18.478666666666665,0.662,77.334,4.7,-1.8,116807.87,2.0,3.005,1113.4083451119914,0.0
North Macedonia,41.0,23.0,69.5,62.5,42.7,42.2,91.5,71.0,87.7,80.6,67.0,77.7,86.2,65.0,60.0,1.9,10.0,10.0,25.5,31.081999999999997,2.077,32.627,2.665,2.6,15709.49,21.6,1.458,737.1286252198445,39.515
Madagascar,99.0,8.0,60.5,45.6,39.6,25.0,90.7,91.5,90.6,47.3,44.6,72.7,73.6,55.0,50.0,5.7,20.0,20.0,11.5,16.797666666666668,26.326,42.917,5.197,4.0,1630.21,1.7,7.291,349.09643050903367,39.659
Malawi,152.0,34.0,52.8,43.1,42.1,24.8,79.0,71.7,23.6,41.9,62.8,69.1,75.4,50.0,50.0,4.8,30.0,30.0,17.28792384017685,30.712666666666667,19.721,23.653,3.17,3.6,1199.4,5.4,9.215,101.61493206645426,61.295
Malaysia,24.0,6.0,74.7,86.5,74.6,49.4,85.7,84.6,80.2,87.8,74.5,81.6,82.0,60.0,50.0,4.0,25.0,25.0,13.6,22.628333333333334,32.385,999.397,4.724,5.2,30859.87,3.4,0.969,8090.975011957485,56.239
Maldives,119.0,27.0,56.5,48.5,31.7,39.2,95.8,67.9,42.9,78.7,70.6,77.0,61.0,35.0,30.0,12.0,0.0,0.0,20.5,32.717666666666666,0.366,7.956,6.992,6.3,21759.91,6.1,1.473,551.8331919931661,61.469
Mali,126.0,20.0,55.9,36.1,32.7,20.7,69.2,85.8,73.6,49.2,52.2,81.6,65.0,65.0,40.0,10.0,40.0,35.0,16.1,21.786666666666665,18.542,44.203,4.9,5.9,2383.96,9.6,1.734,365.9171910453227,36.618
Malta,42.0,22.0,69.5,70.5,49.6,55.1,64.8,60.0,95.9,68.0,61.1,77.1,86.4,85.0,60.0,1.8,35.0,35.0,32.7,36.49633333333333,0.467,21.298,6.392,7.6,45605.88,4.6,1.741,4061.189343594707,45.369
Mauritania,130.0,21.0,55.3,32.5,20.8,21.9,80.9,76.4,85.9,61.7,51.3,79.6,62.6,50.0,40.0,8.7,30.0,25.0,19.7,28.028000000000002,4.546,18.138,3.006,2.8,3990.21,10.3,3.052,70.7550265279062,83.938
Mauritius,21.0,1.0,74.9,75.8,62.6,53.3,91.5,82.1,79.3,82.5,60.2,73.8,88.2,80.0,70.0,0.9,15.0,15.0,20.0,24.439000000000004,1.266,29.994,3.76,3.7,23699.48,6.9,3.231,371.5181859207634,65.199
Mexico,67.0,11.0,66.0,58.3,34.7,36.7,76.1,79.3,87.5,67.0,58.4,70.9,87.6,75.0,60.0,1.2,35.0,30.0,16.2,26.284666666666666,124.738,2569.806,1.994,2.6,20601.66,3.3,4.898,31604.294,53.565
Micronesia,156.0,38.0,52.0,30.1,26.5,22.3,92.9,0.0,99.2,56.9,78.2,82.2,70.8,35.0,30.0,7.1,10.0,21.0,13.0,63.242333333333335,0.102,0.356,2.069,1.6,3482.32,16.2,2.0,20.2,20.155
Moldova,87.0,40.0,62.0,60.5,31.7,37.2,86.1,71.6,96.2,68.1,37.0,72.0,78.0,55.0,50.0,3.5,12.0,12.0,33.2,30.758333333333336,3.544,25.888,4.0,3.6,7304.5,3.4,3.059,227.73,27.113
Mongolia,127.0,30.0,55.9,50.3,23.0,36.9,87.4,66.6,9.3,63.6,75.7,74.2,74.0,50.0,60.0,5.5,10.0,25.0,23.2,33.39,3.238,43.544,6.949,4.7,13446.54,6.3,7.65,2173.741,73.3
Montenegro,91.0,42.0,61.5,59.1,55.3,47.5,85.4,32.1,23.4,70.8,74.8,80.3,83.8,75.0,50.0,3.1,9.0,9.0,36.0,47.55833333333334,0.624,11.891,4.501,3.5,19043.32,15.5,2.604,489.62452342449745,72.073
Morocco,78.0,7.0,63.3,66.3,48.0,39.2,71.8,72.8,67.2,70.4,33.0,77.0,78.6,65.0,70.0,3.2,38.0,30.0,21.8,30.131,35.22,314.605,3.057,3.1,8932.58,9.0,1.914,3640.383119719585,65.177
Mozambique,160.0,37.0,50.5,34.9,31.7,23.2,74.1,69.6,40.3,55.3,41.7,72.0,78.0,35.0,50.0,3.5,32.0,32.0,23.182974407524277,31.824666666666662,30.339,39.181,3.3,5.0,1291.45,3.2,3.911,2711.125,100.425
Namibia,96.0,7.0,60.9,58.9,58.5,46.0,65.7,58.1,28.7,65.6,84.9,75.9,83.2,65.0,40.0,0.9,37.0,34.0,30.109010029714128,37.35766666666667,2.414,27.106,-0.087,2.4,11228.75,23.1,4.294,195.80109929469225,47.051
Nepal,139.0,34.0,54.2,40.7,32.0,31.5,83.4,77.9,98.1,61.6,53.7,71.2,60.4,10.0,30.0,12.3,25.0,25.0,20.3,27.162333333333333,29.631,86.073,6.29,4.8,2904.86,1.3,4.15,160.77113834345002,30.438
Netherlands,14.0,8.0,77.0,90.0,73.9,90.1,51.7,45.2,94.1,80.4,60.2,82.5,86.4,90.0,80.0,1.8,52.0,25.0,38.8,42.7324320017,17.19,969.228,2.536,2.2,56383.25,3.9,1.602,69658.51816003495,54.437
New Zealand,3.0,3.0,84.1,93.3,79.1,93.9,71.0,57.8,98.3,90.4,86.7,87.0,92.2,80.0,80.0,1.4,33.0,28.0,32.0,37.49528712586667,4.929,197.827,2.991,3.4,40135.41,4.5,1.647,1403.7439630239542,29.388
Nicaragua,115.0,23.0,57.2,33.5,19.5,24.3,76.3,77.5,87.2,55.1,55.5,71.5,75.4,60.0,50.0,2.3,30.0,30.0,23.8,27.408,6.288,35.733,-4.0,3.0,5682.74,4.5,4.965,359.1999999999999,37.167
Niger,137.0,25.0,54.7,45.6,42.6,33.4,76.7,79.0,44.7,55.4,47.9,74.8,61.2,55.0,40.0,11.9,35.0,30.0,14.4,26.468666666666664,19.339,23.531,5.173,5.4,1216.76,0.3,3.005,460.1416441269673,55.139
Nigeria,116.0,14.0,57.2,38.1,32.2,22.3,85.1,96.2,64.1,54.7,84.0,61.7,62.4,45.0,40.0,11.3,24.0,30.0,3.6,11.195,193.875,1168.515,1.937,2.0,6027.17,6.0,12.094,1997.4851649483328,28.416
Norway,28.0,15.0,73.4,84.3,82.8,95.6,57.7,25.6,97.3,86.1,57.4,74.8,83.8,75.0,60.0,3.1,47.8,22.0,38.2,49.79479121053333,5.324,395.867,1.399,1.7,74356.07,3.9,2.765,-18214.694128496772,36.751
Oman,75.0,6.0,63.6,66.4,66.2,64.6,98.4,36.2,14.8,74.6,56.9,78.4,81.6,65.0,60.0,1.7,0.0,12.0,4.2,46.13333333333333,4.261,198.486,2.087,2.4,46583.97,3.1,0.9,4190.505,50.929
Pakistan,135.0,32.0,54.8,48.3,43.2,29.7,80.4,86.8,40.4,54.9,41.3,72.5,64.8,55.0,40.0,10.1,30.0,30.0,12.5,20.994,200.96,1141.403,5.227,4.7,5679.75,3.0,3.925,2352.0,72.134
Panama,55.0,9.0,67.2,58.8,30.0,37.2,85.3,85.7,91.2,70.8,43.3,79.4,79.2,75.0,70.0,5.4,25.0,25.0,14.7,21.795333333333335,4.159,106.775,3.9,5.0,25674.51,3.9,0.762,5548.5,39.394
Papua New Guinea,108.0,23.0,58.4,54.9,48.4,29.7,71.5,86.4,76.4,58.4,69.6,70.7,79.8,25.0,30.0,2.6,42.0,30.0,13.7,21.316333333333333,8.426,30.855,0.001,5.0,3662.03,2.4,4.74,335.1868229725773,36.912
Paraguay,80.0,15.0,63.0,44.7,26.4,29.6,96.1,88.6,98.0,60.9,29.0,72.5,75.4,75.0,60.0,4.8,10.0,10.0,13.8,19.523333333333337,7.053,94.477,3.723,4.2,13395.3,4.7,3.972,453.917,21.597
Peru,51.0,8.0,67.9,54.9,30.6,33.5,80.8,86.4,89.0,67.1,62.9,86.3,88.4,75.0,60.0,0.8,30.0,28.0,15.3,21.30033333333333,32.162,457.483,3.994,3.2,14224.26,2.8,1.317,6175.066,26.755
Philippines,70.0,14.0,64.5,54.6,34.2,38.7,76.7,87.9,96.3,59.5,57.4,66.9,81.6,60.0,60.0,1.7,35.0,30.0,14.2,20.118,106.6,952.569,6.202,6.4,8935.92,2.5,5.212,6456.248324796039,39.602
Poland,46.0,25.0,69.1,63.1,42.8,64.6,74.7,48.8,92.2,62.6,62.0,82.0,86.4,80.0,70.0,1.8,32.0,19.0,33.9,41.294313704800004,37.977,1212.925,5.099,4.0,31938.66,3.7,1.6,11476.249543153954,48.364
Portugal,56.0,29.0,67.0,75.4,65.6,68.9,59.6,39.8,74.4,76.5,44.1,83.0,86.4,70.0,60.0,1.8,48.0,23.0,34.7,44.81313271126667,10.287,329.241,2.08,1.9,32006.43,6.9,1.168,4894.754423446925,121.435
Qatar,31.0,3.0,72.3,66.9,58.7,64.6,99.8,64.6,93.7,71.1,65.9,80.6,81.6,60.0,60.0,4.2,0.0,0.0,4.9,34.342000000000006,2.719,354.762,2.184,2.7,130475.07,0.1,0.223,-2186.263736263736,48.35
Romania,38.0,21.0,69.7,72.5,56.1,55.1,90.3,70.4,85.6,58.6,63.0,78.1,86.4,70.0,50.0,1.8,10.0,16.0,24.7,31.431,19.524,516.336,4.127,4.6,26446.74,4.3,4.631,5887.726484023655,36.602
Russia,94.0,43.0,61.0,56.8,44.4,41.3,88.5,63.8,98.7,80.2,52.1,68.2,77.8,30.0,30.0,3.6,13.0,20.0,24.2,34.73566666666667,143.965,4213.403,2.334,0.5,29266.86,4.7,2.878,13332.4,13.953
Rwanda,33.0,2.0,70.9,76.5,78.3,57.6,79.2,79.8,86.7,60.3,81.8,79.8,70.4,60.0,40.0,7.3,30.0,30.0,16.6,25.97066666666667,12.019,27.405,8.575,7.4,2280.09,1.0,1.364,398.47080195117474,40.658
Saint Lucia,50.0,7.0,68.2,69.8,62.6,41.8,76.9,80.6,83.8,76.7,66.4,82.0,73.2,65.0,40.0,5.9,30.0,30.0,22.5,25.462,0.177,2.536,0.988,1.8,14354.8,20.9,1.931,135.13555555555556,66.848
Saint Vincent and the Grenadines,59.0,10.0,66.8,50.5,62.6,46.1,72.4,73.7,89.0,75.8,73.3,80.8,67.2,70.0,40.0,8.9,30.0,33.0,27.8,29.60166666666667,0.11,1.319,1.959,0.9,11956.34,19.8,2.388,100.46962962962961,73.063
Samoa,86.0,18.0,62.1,60.5,31.7,31.5,79.6,62.5,94.6,76.6,78.8,79.5,64.6,55.0,30.0,10.2,27.0,27.0,24.1,35.335,0.199,1.174,0.724,2.7,5889.65,8.3,3.672,16.722194737330327,50.205
São Tomé and Príncipe,125.0,19.0,56.2,41.0,26.5,37.4,88.3,77.1,73.0,64.8,43.4,68.1,64.2,60.0,30.0,10.4,20.0,25.0,12.1,27.641333333333336,0.217,0.723,3.0,4.3,3324.01,13.3,7.864,17.4666666666667,81.252
Saudi Arabia,83.0,9.0,62.4,64.6,72.3,49.6,99.8,61.8,19.3,66.6,63.3,81.0,75.4,45.0,50.0,4.8,2.5,2.5,3.3848362365333715,35.701,33.203,1857.525,2.215,2.2,55943.86,5.9,2.483,3208.811,19.078
Senegal,110.0,13.0,58.0,52.4,39.8,40.6,70.2,84.4,75.2,50.4,38.1,79.7,65.4,60.0,40.0,12.3,40.0,30.0,22.0,22.807666666666666,16.302,59.521,6.156,6.5,3651.16,6.5,0.465,629.3124479812765,64.447
Serbia,65.0,35.0,66.0,55.4,46.8,44.0,83.7,49.7,94.1,72.6,66.9,80.7,78.0,70.0,50.0,6.0,10.0,15.0,36.1,40.93333333333333,6.993,122.759,4.354,2.0,17555.15,13.5,1.96,4125.50195351692,54.342
Seychelles,72.0,4.0,64.3,68.3,46.4,53.3,76.8,58.9,93.2,65.3,62.8,78.6,82.6,55.0,30.0,3.7,15.0,33.0,31.673511503821057,37.00633333333334,0.095,2.913,3.597,4.6,30505.03,3.0,3.699,123.931,58.17
Sierra Leone,168.0,43.0,48.0,40.7,39.4,21.8,87.5,83.5,9.8,50.1,29.7,64.2,69.4,60.0,20.0,10.3,15.0,30.0,11.1,23.429333333333332,7.571,12.265,3.728,-0.4,1620.15,4.3,16.865,599.0,71.307
Singapore,1.0,1.0,89.4,96.8,92.9,92.4,90.3,91.1,80.0,92.8,90.9,85.6,94.8,85.0,80.0,0.1,22.0,17.0,14.1,17.19066666666667,5.639,565.811,3.231,3.3,100344.68,3.8,0.439,77646.12555974022,108.341
Slovakia,60.0,32.0,66.8,73.1,41.7,49.7,78.5,50.2,92.6,55.3,52.6,75.9,86.4,75.0,70.0,1.8,25.0,21.0,32.9,40.75774415593333,5.443,191.216,4.125,3.5,35129.79,6.8,2.525,475.1012169643173,48.847
Slovenia,52.0,27.0,67.8,76.5,48.6,67.4,59.2,42.9,90.3,78.4,61.4,82.2,86.4,70.0,50.0,1.8,50.0,17.0,36.0,43.61951306660001,2.068,75.976,4.491,3.5,36745.89,5.5,1.739,1418.6817596997132,68.491
Solomon Islands,150.0,36.0,52.9,54.6,53.7,33.5,65.6,34.2,76.6,67.7,72.0,84.3,48.0,15.0,30.0,18.5,40.0,30.0,30.6,46.830999999999996,0.627,1.406,3.386,3.0,2241.96,1.8,0.992,11.688087978101708,12.108
South Africa,106.0,12.0,58.8,58.4,38.0,46.6,63.7,67.4,64.0,62.0,58.8,75.9,75.8,45.0,50.0,4.6,45.0,28.0,28.6,32.95033333333333,57.726,789.423,0.787,1.1,13675.34,27.0,4.62,5333.99894720227,56.71
Spain,58.0,31.0,66.9,74.9,51.8,55.1,62.1,48.3,62.6,66.8,57.7,82.0,86.4,85.0,70.0,1.8,45.0,25.0,33.7,41.513671237333334,46.449,1864.419,2.529,2.7,40138.82,15.5,1.675,43591.1660902513,97.016
Sri Lanka,112.0,24.0,57.4,47.7,39.2,34.7,84.8,88.9,39.3,76.5,58.6,71.1,67.6,40.0,40.0,8.7,24.0,28.0,12.6,19.229666666666663,21.688,290.561,3.02,4.2,13397.47,4.4,4.27,1610.544,84.065
Sudan,173.0,44.0,45.0,33.7,20.8,25.5,86.1,94.5,12.4,53.5,60.0,77.0,52.0,5.0,20.0,14.0,10.0,35.0,7.961450792565102,13.566666666666668,41.985,177.678,-2.131,1.8,4232.0,12.9,63.293,1135.787,163.21
Suriname,163.0,29.0,49.5,45.6,19.5,36.9,70.5,74.8,10.3,48.2,71.9,76.1,69.8,40.0,30.0,7.6,38.0,36.0,14.6,28.962333333333333,0.591,8.927,2.0,-1.0,15105.32,7.6,6.939,190.233,69.604
Sweden,22.0,12.0,74.9,88.8,79.9,91.4,43.6,25.8,97.0,85.3,53.8,81.2,86.4,85.0,80.0,1.8,57.0,21.4,44.0,49.721775443599995,10.23,542.037,2.342,2.8,52984.11,6.4,2.035,11148.090542213306,39.01
Switzerland,5.0,1.0,82.0,87.4,81.5,90.1,70.1,65.3,96.7,74.2,72.4,84.4,86.6,85.0,90.0,1.7,11.5,8.5,28.5,34.006679463733335,8.484,548.483,2.531,1.9,64649.06,4.9,0.934,-87212.09350840595,40.508
Taiwan ,11.0,5.0,77.1,86.9,70.1,68.9,75.0,90.5,91.0,93.9,60.3,82.7,86.0,60.0,60.0,2.0,45.0,20.0,8.9,17.757333333333335,23.603,1251.487,2.63,2.4,53023.1,3.7,1.456,6998.0,34.995
Tajikistan,155.0,37.0,52.2,49.1,50.0,32.0,91.8,62.3,26.0,65.9,47.7,71.0,75.0,25.0,30.0,5.0,13.0,15.0,20.6,34.0,9.107,31.108,7.0,6.7,3415.78,10.9,3.848,316.735370939323,47.883
Tanzania,89.0,6.0,61.7,41.9,43.4,32.5,80.6,91.6,92.9,45.9,66.4,72.2,67.8,55.0,50.0,8.6,30.0,30.0,11.826564971204496,16.782666666666668,51.046,175.785,6.585,6.6,3443.66,1.9,3.509,1104.8,35.993
Thailand,43.0,11.0,69.4,59.5,48.0,43.4,80.7,85.9,96.4,83.0,63.7,74.0,83.0,55.0,60.0,3.5,35.0,20.0,17.6,21.657,67.793,1320.364,4.129,3.1,19476.48,0.7,1.064,10492.553,42.076
Timor-Leste,171.0,40.0,45.9,45.2,12.6,32.5,96.3,5.3,19.9,64.0,58.9,76.5,75.0,45.0,20.0,2.5,10.0,10.0,13.1,56.17133333333334,1.269,6.653,0.8,1.9,5241.81,3.0,2.294,47.926,5.44
Togo,140.0,27.0,54.1,41.6,31.7,31.2,67.5,78.6,59.4,55.0,46.9,79.5,63.2,65.0,30.0,13.4,45.0,27.0,22.2,26.686666666666667,7.994,13.954,4.748,5.3,1745.57,1.7,0.727,101.98119748696283,74.602
Tonga,107.0,22.0,58.8,60.9,26.5,44.2,85.2,42.8,95.2,75.0,69.8,71.4,74.0,40.0,20.0,5.5,20.0,25.0,21.3,43.65033333333334,0.101,0.616,1.814,3.0,6110.54,1.0,3.863,8.2,49.2
Trinidad and Tobago,109.0,21.0,58.3,56.6,42.1,37.4,82.6,66.5,15.9,67.3,76.0,77.4,67.8,60.0,50.0,8.6,25.0,25.0,22.2,33.396,1.375,44.357,0.314,-1.5,32253.75,2.8,1.062,-436.143,45.31
Tunisia,128.0,10.0,55.8,56.4,43.6,39.7,74.2,73.1,38.8,78.1,49.8,73.9,66.4,45.0,30.0,9.3,35.0,30.0,21.4,29.953999999999997,11.659,144.244,2.479,1.9,12371.69,15.5,7.308,1035.940563760215,76.978
Turkey,71.0,36.0,64.4,57.4,53.7,44.6,76.7,64.1,86.1,67.0,49.2,66.1,78.0,70.0,60.0,3.5,35.0,22.0,24.9,34.574333333333335,82.004,2292.511,2.567,4.9,27956.09,10.9,16.332,12944.0,29.052
Turkmenistan,170.0,39.0,46.5,20.1,20.0,21.4,95.9,93.1,94.5,30.0,20.0,68.7,74.2,10.0,10.0,2.9,10.0,8.0,15.6,15.118,5.77,112.666,6.24,7.1,19527.24,3.8,13.562,1985.147,29.272
Uganda,102.0,10.0,59.5,45.6,36.9,21.4,80.3,88.4,64.3,46.0,83.1,78.0,75.4,55.0,40.0,7.3,30.0,30.0,13.1,19.673666666666666,38.823,96.963,6.184,4.7,2497.56,1.7,2.625,1337.1281579790775,42.152
Ukraine,134.0,45.0,54.9,47.5,42.2,37.9,81.1,47.2,83.9,61.3,48.3,63.0,81.2,35.0,30.0,1.9,20.0,18.0,34.2,41.958333333333336,42.047,390.336,3.291,-1.6,9283.43,9.4,10.947,2355.0,63.856
United Arab Emirates,18.0,1.0,76.2,80.3,84.6,64.6,99.2,72.1,94.1,78.6,81.3,79.6,80.4,40.0,60.0,4.8,0.0,0.0,9.2,30.503333333333334,10.43,723.676,1.692,3.0,69381.71,2.6,3.08,10385.286,18.67
United Kingdom,7.0,3.0,79.3,92.2,82.7,89.9,64.7,49.5,78.1,94.7,73.1,80.3,86.4,80.0,80.0,1.8,45.0,20.0,33.3,41.029265191633336,66.466,3037.787,1.398,2.1,45704.62,4.0,2.478,64486.77926305398,86.857
United States,17.0,3.0,76.6,81.8,83.7,77.2,74.6,56.5,54.3,83.3,87.9,75.5,79.8,85.0,80.0,2.6,37.0,21.0,27.1,38.076193771633335,327.352,20494.05,2.857,2.4,62605.59,3.9,2.435,251814.0,105.773
Uruguay,47.0,5.0,69.1,72.0,59.8,73.5,75.2,66.5,72.3,73.6,71.0,72.7,77.4,85.0,30.0,6.3,30.0,25.0,30.9,33.39366666666667,3.506,81.599,2.1,2.0,23274.14,8.0,7.607,-626.4539034710438,69.99
Uzbekistan,114.0,26.0,57.2,59.1,34.2,28.2,91.6,74.7,98.9,72.6,59.9,59.9,67.6,20.0,20.0,8.7,22.0,7.5,17.3,29.022000000000002,32.657,250.328,5.0,7.8,7665.45,5.2,17.899,412.409,23.539
Vanuatu,98.0,19.0,60.7,68.3,36.1,37.4,97.1,61.1,78.4,51.8,54.6,74.6,63.4,65.0,40.0,8.3,0.0,0.0,17.1,36.004666666666665,0.285,0.816,3.2,2.7,2861.83,5.4,2.837,38.0,50.483
Venezuela,179.0,32.0,25.2,10.1,12.6,14.6,72.8,66.3,0.0,30.8,27.7,0.0,58.0,0.0,10.0,11.0,34.0,34.0,20.2,33.508,29.187,277.8,-18.0,-12.2,8800.0,8.4,929789.5,956.0,175.618
Vietnam,105.0,21.0,58.8,52.6,40.1,33.8,79.5,75.9,58.0,65.6,62.5,68.2,79.6,40.0,50.0,2.7,35.0,22.0,18.6,28.339333333333332,94.575,710.307,7.076,6.6,7510.53,1.9,3.54,15500.0,57.542
Zambia,147.0,31.0,53.5,45.2,31.3,28.4,73.2,81.7,18.4,66.4,47.0,72.2,72.6,55.0,50.0,6.2,35.0,35.0,15.184870619405496,24.702333333333332,17.773,72.932,3.477,3.6,4103.5,7.2,7.043,568.95,72.361
Zimbabwe,174.0,45.0,43.1,33.7,28.3,18.9,62.3,88.0,36.2,39.1,43.1,62.8,70.0,25.0,10.0,5.0,51.5,25.0,22.1,19.978333333333335,15.263,42.547,3.448,2.6,2787.63,4.9,10.607,744.63719918,29.781
